"dateaccessed";"url";"postAuthor";"postTitle";"upvoteCount"
"14/06/2022 21:40:00";"https://www.reddit.com/r/europe/";"u/ModeratorsOfEurope";"War in Ukraine Megathread XXXIV";"121"
"14/06/2022 21:40:00";"https://www.reddit.com/r/europe/";"u/Stuweb";"Nicola Sturgeon to launch fresh Scottish independence campaign";"5.6k"
"14/06/2022 21:40:00";"https://www.reddit.com/r/europe/";"u/JoeFalchetto";"Overweight people in the European Union";"1.6k"
"14/06/2022 21:40:00";"https://www.reddit.com/r/europe/";"u/BkkGrl";"European temperatures in the last 24 hours";"790"
"14/06/2022 21:40:00";"https://www.reddit.com/r/europe/";"u/12577437984446";"Photo of Old Nice back in 2017";"1.3k"
"14/06/2022 21:40:00";"https://www.reddit.com/r/europe/";"u/bkulaga99";"Extreme weather - Czech Republic";"440"
"14/06/2022 21:40:00";"https://www.reddit.com/r/europe/";"u/LaromTheDestroyer";"New USB-C charger rule shows how EU regulators make decisions for the world";"817"
"14/06/2022 21:40:00";"https://www.reddit.com/r/europe/";"u/Motor-Ad-8858";"UK Says There Is No Reason For A Negative European Union Reaction To Northern Ireland Law";"682"
"14/06/2022 21:40:00";"https://www.reddit.com/r/europe/";"u/KevlarYarmulke";"Nearing the cathedral in Florence";"164"
